,precision,recall,f1-score,support
0,0.9157242398980764,0.9143723202085722,0.9150477807116811,63671.0
1,0.6511613027065072,0.6551013839716768,0.6531254011038378,15535.0
accuracy,0.863520440370679,0.863520440370679,0.863520440370679,0.863520440370679
macro avg,0.7834427713022918,0.7847368520901246,0.7840865909077595,79206.0
weighted avg,0.86383441805035,0.863520440370679,0.8636758623316614,79206.0
