,precision,recall,f1-score,support
0,0.9389750687541567,0.8204234200276417,0.8757051255186288,63672.0
1,0.5149535485513087,0.7814471481910648,0.6208095737336027,15534.0
accuracy,0.8127793348988713,0.8127793348988713,0.8127793348988713,0.8127793348988713
macro avg,0.7269643086527326,0.8009352841093532,0.7482573496261158,79206.0
weighted avg,0.8558153296582417,0.8127793348988713,0.8257146260434806,79206.0
