,precision,recall,f1-score,support
0,0.9160872164364597,0.9145764947935481,0.9153312322673436,63671.0
1,0.6522378516624041,0.6566462825877052,0.6544346431435445,15535.0
accuracy,0.8639875766987349,0.8639875766987349,0.8639875766987349,0.8639875766987349
macro avg,0.7841625340494319,0.7856113886906266,0.784882937705444,79206.0
weighted avg,0.8643373504949281,0.8639875766987349,0.864160506412759,79206.0
