,precision,recall,f1-score,support
0,0.9373485388453314,0.8261716296017088,0.8782556431147323,63672.0
1,0.5205752404054406,0.7736577829277713,0.6223718280683583,15534.0
accuracy,0.8158725349089715,0.8158725349089715,0.8158725349089715,0.8158725349089715
macro avg,0.728961889625386,0.79991470626474,0.7503137355915452,79206.0
weighted avg,0.8556103319170019,0.8158725349089715,0.8280713239604969,79206.0
