,precision,recall,f1-score,support
0,0.9144364869958538,0.9144364869958538,0.9144364869958538,63672.0
1,0.649285438393202,0.649285438393202,0.649285438393202,15534.0
accuracy,0.862434664040603,0.862434664040603,0.862434664040603,0.862434664040603
macro avg,0.7818609626945279,0.7818609626945279,0.7818609626945279,79206.0
weighted avg,0.862434664040603,0.862434664040603,0.862434664040603,79206.0
