,precision,recall,f1-score,support
0,0.9150647066214349,0.9150647066214349,0.9150647066214349,63672.0
1,0.651860435174456,0.651860435174456,0.651860435174456,15534.0
accuracy,0.8634446885336969,0.8634446885336969,0.8634446885336969,0.8634446885336969
macro avg,0.7834625708979455,0.7834625708979455,0.7834625708979455,79206.0
weighted avg,0.8634446885336969,0.8634446885336969,0.8634446885336969,79206.0
