,precision,recall,f1-score,support
0,0.9369444790794607,0.8261374880243753,0.8780589590358228,63671.0
1,0.520052026880555,0.7721274541358223,0.6215025906735752,15535.0
accuracy,0.815544276948716,0.815544276948716,0.815544276948716,0.815544276948716
macro avg,0.7284982529800078,0.7991324710800988,0.749780774854699,79206.0
weighted avg,0.8551776401416277,0.815544276948716,0.82773949860975,79206.0
