,precision,recall,f1-score,support
0,0.9337014655831076,0.8444974949348997,0.8868620061191335,63671.0
1,0.5420020353409196,0.7542323785001609,0.6307431432185826,15535.0
accuracy,0.82679342474055,0.82679342474055,0.82679342474055,0.82679342474055
macro avg,0.7378517504620137,0.7993649367175303,0.758802574668858,79206.0
weighted avg,0.8568758381203853,0.82679342474055,0.8366283554467088,79206.0
