,precision,recall,f1-score,support
0,0.9161188866173927,0.9149534324888882,0.9155357886548118,63671.0
1,0.6532402663934426,0.6566462825877052,0.6549388462649675,15535.0
accuracy,0.8642905840466631,0.8642905840466631,0.8642905840466631,0.8642905840466631
macro avg,0.7846795765054176,0.7857998575382967,0.7852373174598897,79206.0
weighted avg,0.8645594168148644,0.8642905840466631,0.8644238337520743,79206.0
