,precision,recall,f1-score,support
0,0.9162028739427098,0.9152675472350049,0.9157349717545197,63671.0
1,0.6541666666666667,0.6569037656903766,0.6555323590814196,15535.0
accuracy,0.8645935913945914,0.8645935913945914,0.8645935913945914,0.8645935913945914
macro avg,0.7851847703046883,0.7860856564626908,0.7856336654179696,79206.0
weighted avg,0.8648086300718751,0.8645935913945914,0.8647003583682029,79206.0
