,precision,recall,f1-score,support
0,0.9446389985843082,0.7964693502536476,0.8642494993822164,63671.0
1,0.49224198730507013,0.8086900547151593,0.6119784689577904,15535.0
accuracy,0.798866247506502,0.798866247506502,0.798866247506502,0.798866247506502
macro avg,0.7184404929446891,0.8025797024844035,0.7381139841700034,79206.0
weighted avg,0.8559085037957447,0.798866247506502,0.8147705399897025,79206.0
