,precision,recall,f1-score,support
0,0.9437568628910684,0.796409724839804,0.863845046549066,63672.0
1,0.49114818449460257,0.8054589931762586,0.6102075154234436,15534.0
accuracy,0.7981844809736636,0.7981844809736636,0.7981844809736636,0.7981844809736636
macro avg,0.7174525236928355,0.8009343590080313,0.7370262809862549,79206.0
weighted avg,0.8549905672794897,0.7981844809736636,0.8141012719801518,79206.0
