,precision,recall,f1-score,support
0,0.9395409836065574,0.46115223688445445,0.6186528497409326,15535.0
1,0.8830555594361632,0.9927596551020088,0.9346996717238931,63671.0
accuracy,0.8884932959624271,0.8884932959624271,0.8884932959624271,0.8884932959624271
macro avg,0.9112982715213602,0.7269559459932317,0.7766762607324129,79206.0
weighted avg,0.8941342790342628,0.8884932959624271,0.8727121028590938,79206.0
