,precision,recall,f1-score,support
0,0.9479806561233826,0.4668812359188928,0.6256361597515743,15535.0
1,0.8842568653483335,0.9937491165522766,0.935811160575629,63671.0
accuracy,0.8904123424993056,0.8904123424993056,0.8904123424993056,0.8904123424993056
macro avg,0.9161187607358581,0.7303151762355847,0.7807236601636016,79206.0
weighted avg,0.8967552756921254,0.8904123424993056,0.8749752562527028,79206.0
