,precision,recall,f1-score,support
0,0.9148605352431209,0.9148605352431209,0.9148605352431209,63672.0
1,0.6510235612205485,0.6510235612205485,0.6510235612205485,15534.0
accuracy,0.8631164305734415,0.8631164305734415,0.8631164305734415,0.8631164305734415
macro avg,0.7829420482318348,0.7829420482318348,0.7829420482318348,79206.0
weighted avg,0.8631164305734415,0.8631164305734415,0.8631164305734415,79206.0
