,precision,recall,f1-score,support
0,0.9162501964482163,0.9156601906676509,0.9159550985459659,63671.0
1,0.6552388289676425,0.6569681364660445,0.6561023432226544,15535.0
accuracy,0.8649218493548468,0.8649218493548468,0.8649218493548468,0.8649218493548468
macro avg,0.7857445127079294,0.7863141635668477,0.7860287208843102,79206.0
weighted avg,0.8650569586403392,0.8649218493548468,0.8649891041270122,79206.0
