,precision,recall,f1-score,support
0,0.8841379888736686,0.9934350018061598,0.9356053042237062,63671.0
1,0.9454592901878914,0.4664306404892179,0.624682098366309,15535.0
accuracy,0.8900714592328864,0.8900714592328864,0.8900714592328864,0.8900714592328864
macro avg,0.91479863953078,0.7299328211476889,0.7801437012950077,79206.0
weighted avg,0.8961651890342177,0.8900714592328864,0.8746226513565665,79206.0
