,precision,recall,f1-score,support
0,0.9157264527483578,0.9152518414976991,0.9154890856106009,63671.0
1,0.6533915724563206,0.6547795300933377,0.6540848149696171,15535.0
accuracy,0.8641643309850264,0.8641643309850264,0.8641643309850264,0.8641643309850264
macro avg,0.7845590126023392,0.7850156857955184,0.784786950290109,79206.0
weighted avg,0.8642736289050025,0.8641643309850264,0.8642187860826903,79206.0
