,precision,recall,f1-score,support
0,0.9334838093584512,0.8443899987435608,0.8867045445174697,63672.0
1,0.541529776502707,0.753379683275396,0.6301251850854759,15534.0
accuracy,0.8265409186172765,0.8265409186172765,0.8265409186172765,0.8265409186172765
macro avg,0.7375067929305791,0.7988848410094784,0.7584148648014728,79206.0
weighted avg,0.8566131941729712,0.8265409186172765,0.8363838141508738,79206.0
