,precision,recall,f1-score,support
0,0.8841454891106825,0.9933878845942423,0.9355886072672677,63671.0
1,0.9450965049556599,0.46649501126488574,0.6246606042322114,15535.0
accuracy,0.890046208620559,0.890046208620559,0.890046208620559,0.890046208620559
macro avg,0.9146209970331711,0.7299414479295641,0.7801246057497395,79206.0
weighted avg,0.8961000636524055,0.890046208620559,0.8746050135098552,79206.0
