,precision,recall,f1-score,support
0,0.8826137266656443,0.9942989068978515,0.9351334185124187,63672.0
1,0.951451116758058,0.45796317754602806,0.6183129807483377,15534.0
accuracy,0.8891119359644472,0.8891119359644472,0.8891119359644472,0.8891119359644472
macro avg,0.9170324217118512,0.7261310422219398,0.7767231996303783,79206.0
weighted avg,0.8961142192759964,0.8891119359644472,0.8729981171434917,79206.0
