,precision,recall,f1-score,support
0,0.9150490011307953,0.9150490011307953,0.9150490011307953,63672.0
1,0.6517960602549246,0.6517960602549246,0.6517960602549246,15534.0
accuracy,0.8634194379213695,0.8634194379213695,0.8634194379213695,0.8634194379213695
macro avg,0.7834225306928599,0.7834225306928599,0.7834225306928599,79206.0
weighted avg,0.8634194379213695,0.8634194379213695,0.8634194379213695,79206.0
