,precision,recall,f1-score,support
0,0.9147977132805629,0.9147977132805629,0.9147977132805629,63672.0
1,0.6507660615424231,0.6507660615424231,0.6507660615424231,15534.0
accuracy,0.863015428124132,0.863015428124132,0.863015428124132,0.863015428124132
macro avg,0.782781887411493,0.782781887411493,0.782781887411493,79206.0
weighted avg,0.863015428124132,0.863015428124132,0.863015428124132,79206.0
