,precision,recall,f1-score,support
0,0.9146877748460862,0.9146877748460862,0.9146877748460862,63672.0
1,0.6503154371057036,0.6503154371057036,0.6503154371057036,15534.0
accuracy,0.8628386738378405,0.8628386738378405,0.8628386738378405,0.8628386738378405
macro avg,0.7825016059758949,0.7825016059758949,0.7825016059758949,79206.0
weighted avg,0.8628386738378405,0.8628386738378405,0.8628386738378405,79206.0
