,precision,recall,f1-score,support
0,0.9158606589604467,0.9146236120054656,0.9152417174828692,63671.0
1,0.6520069137699251,0.6556163501770196,0.6538066504044164,15535.0
accuracy,0.8638234477186072,0.8638234477186072,0.8638234477186072,0.8638234477186072
macro avg,0.7839337863651858,0.7851199810912426,0.7845241839436428,79206.0
weighted avg,0.8641099338697369,0.8638234477186072,0.86396537772245,79206.0
