,precision,recall,f1-score,support
0,0.9161112857591952,0.9153774873961458,0.9157442395770321,63671.0
1,0.6543051456435263,0.6564531702607016,0.6553773978985251,15535.0
accuracy,0.8645935913945914,0.8645935913945914,0.8645935913945914,0.8645935913945914
macro avg,0.7852082157013607,0.7859153288284237,0.7855608187377786,79206.0
weighted avg,0.8647621659109903,0.8645935913945914,0.8646774152774133,79206.0
