,precision,recall,f1-score,support
0,0.9145150144490514,0.9145150144490514,0.9145150144490514,63672.0
1,0.6496073129908587,0.6496073129908587,0.6496073129908587,15534.0
accuracy,0.8625609171022397,0.8625609171022397,0.8625609171022397,0.8625609171022397
macro avg,0.782061163719955,0.782061163719955,0.782061163719955,79206.0
weighted avg,0.8625609171022397,0.8625609171022397,0.8625609171022397,79206.0
