,precision,recall,f1-score,support
0,0.9147505968086443,0.9147505968086443,0.9147505968086443,63672.0
1,0.650572936783829,0.650572936783829,0.650572936783829,15534.0
accuracy,0.86293967628715,0.86293967628715,0.86293967628715,0.86293967628715
macro avg,0.7826617667962367,0.7826617667962367,0.7826617667962367,79206.0
weighted avg,0.86293967628715,0.86293967628715,0.86293967628715,79206.0
