,precision,recall,f1-score,support
0,0.8827195783426524,0.9942517904259329,0.9351719859072746,63672.0
1,0.9511283215382561,0.4585425518218102,0.6187725318160101,15534.0
accuracy,0.8891876878014292,0.8891876878014292,0.8891876878014292,0.8891876878014292
macro avg,0.9169239499404542,0.7263971711238716,0.7769722588616423,79206.0
weighted avg,0.8961360040780829,0.8891876878014292,0.8731192484902393,79206.0
