,precision,recall,f1-score,support
0,0.9385276095667643,0.8203106594839095,0.8754462714335999,63671.0
1,0.5142857142857142,0.7797875764402961,0.619800460475825,15535.0
accuracy,0.81236269979547,0.81236269979547,0.81236269979547,0.81236269979547
macro avg,0.7264066619262393,0.8000491179621028,0.7476233659547125,79206.0
weighted avg,0.8553192939948239,0.81236269979547,0.8253054023930091,79206.0
